tweet_1,tweet_2,Class,P(NoConflict),P(Conflict),Conflict,Tipo
"#AbortoNao  caramba, eu entrando na TAG e vendo mó galera discutindo bonitinho, com argumentos e dados. Sempre finalizando com um "" não concordo, mas respeito sua opinião""  Isso é o mais bonito de se ver em uma discussão séria, e não apenas um ""vc é homem""( por mais que tenha)",Até 3 meses  #AbortoSim,0,0.437456339597702,0.5625436305999756,0.0,Incerta
"#AbortoNAO, STF usurpador de atribuições.","Caros esquerdolóides imb3cis, respondam a este tuíte abaixo. Isso se os neurônios mofados permitirem a compreensão, ou, caso contrário, usem a hipocrisia da sua laia de r3tardados mentais mesmo.   #AbortoSim",0,0.4970153868198395,0.5029845833778381,0.0,Incerta
Argumentos que usam para serem contra o aborto que “estão” errados — a thread  #AbortoNao #AbortoSIM,#AbortoNao aborto é coisa do diabo,0,0.5905720591545105,0.4094279110431671,1.0,Incerta
"،    ⌕  ─  vamos fazer um acordo, só opina sobre o que é certo ou não sobre esse caso são as pessoas que tem úteros, okay? Okay. #AbortoSim","Em tempos de tantas dificuldades vem a tona a discussão no STF do aborto em caso de zika vírus. É inegável a importância do tema, sobretudo para as mulheres. Mas tratar uma pauta abortista em meio a tantas mortes?! Temo estar chegando dias de banalização da vida. #AbortoNao",0,0.426560491323471,0.5734394788742065,1.0,Incerta
Aborte a sua ignorância e não pessoas !  #AbortoNao  #AbortoNunca,é contra aborto mas é a favor da pena? pfv né...  #abortonao #AbortoSim,0,0.4652799069881439,0.5347201228141785,1.0,Incerta
Sou contrário ao aborto...#AbortoNao,#AbortoSim meu corpo minha regras ..e ninguém é obrigado a fazer porra nenhuma,0,0.496053010225296,0.5039469599723816,1.0,Incerta
Eu tenho o melhor método para esse assunto. Siga os seguintes passos  1- fecha as pernas                E fim #AbortoNao,A real é que muito é Pro-Nascimento não Pro-Vida rss #AbortoSim,0,0.4059687256813049,0.5940312743186951,1.0,Incerta
"Essa gente é doente, vomita o dia inteiro que esse isolamento indecente é pra salvar VIDAS, mas apoiam a morte no útero. HIPÓCRITAS.  #AbortoNao",Parabéns aos abortistas de merda por ajudar subir a tag! #AbortoNao,0,0.5558744072914124,0.4441255629062652,0.0,Incerta
Não assassine o seu filho #AbortoNao,eu vou olhar os replys contrários a #AbortoNao e pelo menos 40% é fancam de kpop tentando lacrar,0,0.4272224307060241,0.5727775692939758,0.0,Incerta
"Sabe qual é a diferença entre   Assassinato &amp; Aborto?  Exatamente, nenhuma!   #AbortoNAO",Queria dizer que #abortosim,0,0.5362884402275085,0.463711529970169,1.0,Incerta
Mas de novo essa questão de aborto gente? Pq cada um não cuida da sua vida e deixa a MULHER decidir o que fazer com a vida e o corpo DELA!!?? #AbortoSim,A escolha é nossa! #AbortoSim,0,0.4193200170993805,0.5806799530982971,0.0,Incerta
Quem não é mulher e nem sabe o que é uma dor de um parto não pode opinar sobre aborto #AbortoSIM,#AbortoNao Caralho isso é assacinato,0,0.5971508622169495,0.4028491973876953,1.0,Incerta
#AbortoSIM  Meu corpo e eu decido o que eu faço com ele Vamos quebrar as amarras que a sociedade tenta nos colocar,"Há muita hipocrisia vinda desses pró vida. Ao meu ver é melhor um feto morto que uma criança passando fome, sendo abusada, agredida, enfim... #AbortoSim #AbortoNao",0,0.5745779871940613,0.4254220426082611,0.0,Incerta
"diz que é contra o aborto, pq é a favor da vida, mas é o primeiro a falar: bandido bom é bandido morto, rsrsrs #AbortoSim",Grupo sobre o auxílio emergencial no whatsapp. Ainda tem vagas    #AbortoNao  #samsungbbb  #LiveDoRevela  #TheFourBrasil  #festabbb  #MOTS7_Re_Comeback   REMEMBER PRIOR  #AuxilioEmergencial,0,0.4865334033966064,0.5134666562080383,0.0,Incerta
"Para quem são a favor do aborto, É só fecha a pernas porra!  Ou usa métodos contraceptivos. #AbortoNao",oq ta rolando q subiram essa tag #AbortoNao,0,0.4104960858821869,0.589503824710846,0.0,Incerta
#AbortoNao ou #AbortoSim simples e so da o cu nao engravida,"Esses esquerdopatas, Quando a mãe deles estavam grávidas dos mesmos, infelizmente não era aprovado o direito de aborto. Fazer o que, né? #AbortoNAO",0,0.4770346581935882,0.5229653120040894,0.0,Incerta
"Pra quem acha que o aborto é legal aborta e matar um feto, faça assim, pega um vídeo da operação e veja como que é, aí vc vai notar o quão errado é isso, vc acha certo um médico ESTOURAR a cabeça de um feto e remover pedaço por pedaço usando uma pinça..  #AbortoNao","Essa mania do brasileiro de ir  acostumando-se com tudo que lhe é imposto, está trazendo cada vez mais o socialismo para o país. A última que estão tentando empurrar goela abaixo é aprovação do aborto.  #AbortoNao",0,0.4658258855342865,0.5341741442680359,0.0,Incerta
#AbortoNAO  O mais curioso de tudo é que 100% das pessoas que defendem o aborto já tiveram seu direito de nascer. Aborto nada mais é do que um assassinato cruel e covarde de um inocente indefeso!,Tem que ser muito desumano para defender #AbortoSIM  Apoie a vida e diga #AbortoNao,2,0.4296371638774872,0.5703628659248352,0.0,Incerta
Seja mente aberta mas não ao ponto do seu cérebro caí no chão. #abortoNao,"Sobre essa questão do #AbortoNao ou #AbortoSIM, vamos começar com uma questão básica? Pra validação do argumento, vocês sabem a diferença entre ser a favor da legalização do aborto e a favor do aborto?",0,0.4015591144561767,0.5984408855438232,1.0,Incerta
"#AbortoSim. Aborto é o caralho, pensa em se prevenir antes de transar, caralho! Aborto opcional é só em caso de estupro ou anencefalia. Se você concorda em assassinar um feto, que é um ser vivo, que pode agonizar em dor, e que quando sofre o aborto é envenenado. Você é um mostro",gosto pacas dessa # estar nos trendings do Brasil.. tá mais do que certo #AbortoSim,0,0.579562246799469,0.4204377830028534,1.0,Incerta
Aborto não é método contraceptivo!antes de escolher seu macho escroto se proteja #AbortoNAO,"É isso ai, #AbortoNao",2,0.5989904403686523,0.4010095298290252,0.0,Incerta
"Você quer defender #AbortoNao? Saiba que SE for aprovado, aborto NUNCA seria obrigatório. Faz a mulher que quer + reduziria índice de morte por aborto clandestino + reduz abandono parental + reduz número absurdo de crianças esperando por adoção.  #AbortoSIM",#AbortoNao aborto nunca!!,0,0.5192158818244934,0.4807841181755066,1.0,Incerta
"#AbortoNunca foi da sua conta homem escroto, se eu quiser aborta eu vou #AbortoSim","oi gente não é sobre ser a favor do aborto é sobre sua legalização mulheres já abortam, mas poderiam fazer isso sem arriscar suas vidas #AbortoSim",0,0.5040040016174316,0.4959960579872131,0.0,Incerta
Quem usa a #AbortoSim deveria dar o exemplo e SE abortar.   #AbortoNão,"Os do contra falando que somente homem que está usando #AbortoNao !  Sou mulher , profissional da Saúde na área de obstetrícia, não pronunciei meu juramento a toa não , e optei SIM pela vida!  #AbortoNao #AbortoNao #AbortoNao",1,0.4254695475101471,0.5745304226875305,0.0,Incerta
"Pra quem tá vivo e é a favor do aborto, deveria ter sido abortado. #AbortoNao","Volto aqui para pedir para os machos q estão opinando contra a legalização, para que leiam sobre o assunto (leiam textos de mulheres, n de outros homens) E percebam que é uma questão de saúde pública, n de caráter Ngm acha legal abortar, mas a legalização é necessária #AbortoNao",0,0.4457648396492004,0.5542351603507996,1.0,Incerta
"ABSURDO!!!  Enquanto estamos lutando pela vida dos brasileiros que estão sofrendo fisicamente, psicologicamente e economicamente com a pandemia. O STF mostra suas garras contra a vida de quem ainda nem nasceu.  A vida humana não pode estar na mão de 11 ministros.  #AbortoNao","#AbortoNao  É mais facil não dar pra vagabundo do que abortar né, ja viu alguma mulher abortar filho  de artistas ou homens ricos ??",0,0.5879948735237122,0.4120050966739654,0.0,Incerta
povo discurtindo entre #AbortoSim  #AbortoNão  e eu só queria o #PINTOAWARDS,"#AbortoSim ai amigas, homens fazendo escolhas em assunto que não cabem a eles, usando religião como argumento, parece que as pessoas se prendem tanto no mundo delas e querem ter prisioneiros, titi, sinceramente cansada, ate quando isso?????",0,0.5441921353340149,0.4558078646659851,0.0,Incerta
Como as pessoas não conseguem ver que o aborto é um assassinato cruel ??? #AbortoNao,"Os que vivem gritando por direitos humanos, são os mesmos que apoiam o aborto (assassinato de bebês). O que tem na cabeça dessa gente?    #AbortoNao",0,0.4566005766391754,0.543399453163147,0.0,Incerta
Sobre #quarentena  #AbortoNao  é necessário dizer: #STFVergonhaNacional,"#AbortoSim e cuida da tua vida, das tuas escolhas, do teu corpo. Segurança, saúde e liberade de escolha pra mulher, vai impactar 0% da TUA vida. Feto não sente dor até 24° semana de gestação e não te interessa se ela quer dar, qual método e quem ela é. Seu intrometido hipócrita.",0,0.428377628326416,0.5716223120689392,1.0,Incerta
"Porque em uma democracia a maioria decide, e não 11 urubus.  #AbortoNao","Ser a favor do aborto vai contra tudo o que eu acredito, então EU jamais faria, mas vivendo em um país LAICO, não posso e nem devo interferir e opinar nas escolhas de outras pessoas, então se VOCE é contra apenas não faça e cale a boca. #AbortoNao #AbortoSIM",0,0.4909063279628753,0.509093701839447,1.0,Incerta
"Para o #AbortoNao acontecer deveriam estar sendo feitas mais  campanhas para o uso de preservativos, os pais deveriam ensinar aos filhos sobre educação sexual e os homens e as mulheres deveriam ter consciência das consequências de praticar atos sexuais sem camisinha +","leia concordo com o seu posicionamento, porém, nao",2,0.5504676699638367,0.4495322406291961,-1.0,Incerta
se homem ficasse gravido o aborto ia se um mandamento da biblia   #AbortoSim,se a punição do aborto fosse também para o pai... aí sim estariam eles na rua dizendo #AbortoSim,2,0.4449737668037414,0.5550261735916138,0.0,Incerta
"se a mulher que decide, seja sensata e  decida não engravidar, prevenção é que não falta, de resto, um bando de militantes doente.#AbortoNao",#AbortoNao  quem assim o defende é tão assassino quanto.,0,0.5704327821731567,0.4295672178268432,0.0,Incerta
#AbortoNao não entendo a razão de culparem a mulher por escolherem abortar  pensava que o problema em si era o homem estuprador e muitos métodos contraceptivos que não são eficazes,"OMS desde que seja saúde de quem interessa .Aí vem os sábios opinadores do twitter dizer que os brancos ricos é que são contra o aborto .E os chefões da OMS,o partido comunista chinês , as fundações como Bill e Melinda Gates e tantos outros tiranos globais são pobres ??#AbortoNao",0,0.5458749532699585,0.4541250467300415,0.0,Incerta
"Temos hoje milhares de mulheres morrendo ou adquirindo doenças graves, por causa de abortos feitos em locais não apropriados, com materiais mal higienizado e por pessoas que não são médicas. O aborto já devia ser legal a muito tempo. #AbortoSim","Sem contar que a proibição do aborto afeta diretamente a população de baixa renda, pois são justamente essas pessoas que não tem dinheiro para abortar em uma clinica de aborto que cobra absurdos para realizar o procedimento clandestinamente. #AbortoSim",1,0.4940484166145324,0.5059516429901123,0.0,Incerta
"#AbortoNAO É uma outra vida. Não quer ter filhos, previna-se, não saia assassinando.","Esses esquerdopatas, Quando a mãe deles estavam grávidas dos mesmos, infelizmente não era aprovado o direito de aborto. Fazer o que, né? #AbortoNAO",0,0.4101862609386444,0.5898137092590332,0.0,Incerta
#AbortoNao se mata que não vai ter filho!,O Amor venceu a imoralidade do aborto! #AbortoNao,0,0.5906965732574463,0.4093033969402313,0.0,Incerta
Isso    #AbortoNao,"Se a mulher tiver o direito de abortar o feto, o homem tem o direito de pelo menos abandonar o feto? #AbortoSim #AbortoNao",0,0.4095438420772552,0.5904561281204224,0.0,Incerta
Não temos o direito de tirar a vida de um inocente! #AbortoNao,"#AbortoSim acho que as mulheres que decidem, não os homens. sem falar que a maioria delas são estupradas, isso fode com o piscicológico delas. ter um filho é ter responsabilidade gente, muitos pais aí colocam um filho na terra e não dão o carinho e o amor que eles merecem . --",0,0.4654446244239807,0.5345553159713745,1.0,Incerta
"""vocês que usam a tag #AbortoNao são exatamente isso:"" mulheres abortistas são exatamente isso:",KJKKKKKKKKKKJKKKKKKK esse vídeo é TUDO vsfKJKKKKKKKKKKKKKKK,2,0.5697246789932251,0.4302752912044525,0.0,Incerta
"Já questionei várias vezes, mas até agora nada.  Sabem de algum caso em que a mulher abortou o filho de um jogador de futebol?  #AbortoNao!","Cara, os doentes do #AbortoSim usam os mesmos argumentos que poderiam ser usados em relação ao suicídio: ""meu corpo minhas regras"" ""assassinar o bebê pra não crescer em um mundo injusto"" e balblablas..  Aos abortistas sugiro exatamente isso, afinal, morto não aborta  #AbortoNao",1,0.4367924034595489,0.5632075667381287,0.0,Incerta
"se tem uma coisa que mexe comigo é essa discussão sobre legalização de aborto. quem não é mãe, não sabe a responsabilidade que é criar um filho, tudo que acontece com o mesmo é culpa nossa, é uma pressão enorme e nem se fala do cansaço! por isso eu sou a favor do #AbortoSim",Só lembrando q sem útero n opina #AbortoSim,0,0.4241747856140136,0.5758252143859863,0.0,Incerta
"Que me desculpem, mas mulheres que sobem a tag #AbortoSIM são aquelas q querem ""distribuir"" pra todo mundo sem a preocupação de ter que criar um filho, ou as que querem ter certeza de que quando cansarem de brincar de casinha com o macho, não vão precisar levar nada.  #AbortoNao","Dizem que homens não tem lugar de fala, mas como pessoa que quase foi abortada no nascimento é impossível apoiar isso #AbortoNao",0,0.5913763046264648,0.4086236357688904,0.0,Incerta
"A direita gosta de copiar os EUA. Pois então, lá desde 1973 o aborto é LEGAL. Questão de liberdade e privacidade, nada de ""comunismo"" mas liberalismo puro. Ser a favor da legalização não quer dizer que você faria, mas sim defender que quem quer faça de modo SEGURO #AbortoSim","#AbortoSim LEGALIZAÇÃO JÁ!!! e pau no cu de quem não concordar, o Estado NÃO tem que colocar a porra de uma lei no MEU ÚTERO. Quem discordar pode vir aqui onde eu moro criar e sustentar as crianças q n tem dinheiro pra comprar um sukita",0,0.1402937918901443,0.8597061634063721,0.0,Alta
#AbortoSim e se vier contestar falando de religião eu vou mandar tomar no cu,Uma sociedade desumana atrai a ira do Criador. #AbortoNao,0,0.1017832979559898,0.8982166647911072,1.0,Alta
#abortonao = 30k de tweets #abortosim = 2k e meio. Recomendo pararem de brigar sobre isso. O duelo já foi decidido.,"#AbortoSim assassinas e assassinos que não foram abortados querendo prostituir a vontade e se engravidar só assassinar...geração hipócrita e debil mental,por isso a maioria de vcs são gente feia e sem estudo,incapazes,derrotados e infelizes...",0,0.1485163122415542,0.8514837026596069,0.0,Alta
"#AbortoSim A legalização do aborto garante que você possa ter opção de escolha. Se você não faria, não faça! Mas não tire a opção da coleguinha  next",A vida pertence a Deus. Ele a gera no ventre e só ele pode interrompe-la. #AbortoNao,0,0.1463713645935058,0.8536286354064941,1.0,Alta
"Independente se vc é do time #abortosim ou #abortonão, ou ainda fica pedindo #monarquiaja, se quiser saber de dicas para #emagrecer, é só me acompanhar, rsrsrs!  #humor #saúde",#AbortoNao bando de abutres do Stf,0,0.131584882736206,0.868415117263794,0.0,Alta
"#AbortoSim se for pra colocar filho no mundo e deixar solto na rua sem ter um pingo de responsabilidade, que faça o aborto","Então, aborto seguro é quando a aborteira vai junto #AbortoNao",0,0.1620686948299408,0.8379313945770264,1.0,Alta
"Aborto sim #AbortoNao não é o caralho, n é seu útero fique quieto","Ser pró vida é naturalmente louvável, independente da religião, mas é  nojento ver cristãos defendendo o aborto.  #AbortoNAO",0,0.1042579412460327,0.8957420587539673,1.0,Alta
"é engraçado que quando você pergunta para os homens se eles são a favor do aborto, mesmo em caso de estupro, eles dizem que não... mas os dados mostram que: a maioria dos homens abandonam namorada/esposa depois de um estupro, quem dirá criar a criança #AbortoSim","O corpo é da mulher e ela faz o que  Quiser com ele , não são homens que decidem isso beleza ?? #AbortoSim",0,0.1287592500448227,0.8712407350540161,0.0,Alta
"#AbortoNao eae homem q é contra o aborto, ja pagou a pensão do filho q tu nem faz questão de visitar ou vai esperar a justiça vir cobrar?",Quem usa a #AbortoSim deveria dar o exemplo e SE abortar.   #AbortoNão,0,0.1444741934537887,0.8555257320404053,1.0,Alta
"Boa noite com #AbortoSim e quem não quiser fazer não faça, queremos apenas o direito de escolha.",Matar uma criança pode? alguém sair a rua é crime? #AbortoNão #AbortoNao,0,0.1040583178400993,0.8959416747093201,1.0,Alta
"Seguinte, sou contra o aborto e é por isso que não vou abortar! Vocês q engravidam e não querem filhos q se resolvam! #AbortoNao","Surreal gente, to vendo muitos perfis defendendo o aborto até com 26 ou 27 semanas( 7 meses galera) SURREAL, sem palavras. Esse bebê prematuro abaixo nasceu com 26 semanas, vcs tem noção, isso é um assassinato cara, me parte o coração    #AbortoNao",0,0.1560466736555099,0.8439533114433289,0.0,Alta
"As feministas que são a favor do aborto achariam legal um casal querer abortar pelo simples motivo do feto não ser um menino, sonho deles, mas veio uma menina. Seria certo assassinar essa menina por era ser menina, em nome da liberdade absoluta da mulher...?","Você acha que com quantas semanas vai rolar o aborto? Com 20? Kkkkkkkk, amiguinho, o aborto ocorreria antes das 12 semanas, após isso não ocorre aborto. O sexo ainda não é possível de identificar nesse período. Minha esposa está grávida, qual gestação você acompanhou? kkkkkk.",1,0.1057038679718971,0.8942961692810059,1.0,Alta
#AbortoNao   𝔼𝕄  ℝ𝔼𝕊ℙ𝔼𝕀𝕋𝕆  𝔸  𝕍𝕀𝔻𝔸,#AbortoNao aborto não  é  método  anti concepcional,0,0.1837715208530426,0.8162283897399902,0.0,Alta
Fazendo um approach mais religioso da parada do #AbortoSim e #AbortoNao :  - Quando você aborta você devolve um espirito. Uma alma. Você abortando por querer ou não. Isso pode gerar diversos tipos de espíritos perturbados que vão acompanhar o seu futuro filho e atrapalhando+,"#AbortoSim e se vc não tem útero, cala a boca",0,0.1878849565982818,0.8121150135993958,1.0,Alta
"Tenho certeza que a galera do #AbortoNao nunca, NUNCA, parou pra ler do que se trata. Aborto é questão de saúde da mulher. Tem que ser discutido, mas como sempre querem cagar regra.","#AbortoNao! Isso jamais! Se não quer, não faz!",0,0.1501364111900329,0.8498635292053223,1.0,Alta
"Já que homem não pode opinar, vai ai a opinião de uma mulher: #AbortoNao",O mais ridículo desse tweet é os pró-aborto dizendo para o moço pró-vida que se ele é homem não pode opinar. Aí chega uma mulher pró-vida e eles criticam sua opinião  A opinião DELA! Preciso falar mais alguma coisa para tornar-se perceptível a falta de credibilidade dessa gente?,2,0.1198173910379409,0.8801825642585754,0.0,Alta
"Simples, se a mulher não quer, ela não é obrigada a ter #AbortoSim","E por acaso o feto é gerado no saco escrotal do homem? Ah não, pera, é no útero feminino né... Macho não opina sobre aborto... Vai cuidar do filho q vc nunca deu atenção, da pensão q vc não paga, da sua masculinidade frágil e tóxica e deixa o corpo da mulher em paz. #AbortoSim",0,0.1297180503606796,0.870281994342804,0.0,Alta
"Agressão é objetivamente errado. Todos indivíduos possuem direito a vida, propriedade e liberdade, inclusive o bebê.   Nenhum indivíduo é dono de corpo alheio, principalmente a mãe. Não é ético e muito menos legítimo matar bebês.   Mude a minha opinião.  #AbortoNao #AbortoSIM","Maluco vem falar de ética, sendo que parte do discurso do mesmo é repleto de sexismo e autoritarismo e o princípio básico do liberalismo que é o indivíduo ter plena liberdade para decidir sobre as suas escolhas sem sofrer coerção social do estado ou de outro indivíduo.",2,0.1054681912064552,0.894531786441803,1.0,Alta
"Sou contra o aborto, mas a favor da mulher poder escolher!!!!!#AbortoSim",Twitter coloca o sim do mal 6000 frente mas #AbortoNao 41000. Indecoroso,0,0.1844669133424759,0.8155331015586853,-1.0,Alta
Olha só! Realmente eu n tinha observado da perspectiva do seu umbigo,"Não iria responder mais... Meu umbigo? Quem mesmo está olhando só pra si? mulher vai, transa com um canalha sem qualquer proteção, engravida, não quer a cria, e resolve abortar, pelo bem da criança ou pq olha para o próprio umbigo? O que quero é salvar vidas. #AbortoNAO",2,0.1171237155795097,0.8828762173652649,1.0,Alta
"#AbortoSim foda ver homens se posicionando contra o aborto com o argumento de q isso é coisa de vadia irresponsável, sendo que a grande maioria abandona a mulher quando ela diz estar grávida. não adianta se dizer ""pro-vida"" sendo que vc nem assumiu seu filho. fica com deus irmão.","FALA QUE O BOLSONARO É ASSASSINO, MAS É A FAVOR DO ABORTO.  VOCÊ QUE É A FAVOR PODERIA NEM ESTAR LENDO ISSO, SABIA? COMO SEMPRE A ESQUERDA SENDO A ESCÓRIA DA SOCIEDADE #AbortoSim",0,0.1233494654297828,0.8766505718231201,1.0,Alta
"#AbortoNao qual o intuito dessa hashtag? mano tem um cara com uma mansão linda do caralho, dai vc diz para ele destruir essa mansão, quebrar tudo que há nela. a não ser que a porra do imóvel não seja seu, nem te diga respeito, VOCÊ NãO PODE DIZER O QUE FAZER OU NÃO!","Aborto não,  #AbortoNAO",0,0.9610393643379213,0.0389606431126594,1.0,Random
"Ao invés de erradicar a pobreza, vamos matar crianças, bem mais fácil! #AbortoNao","#AbortoSim. Vendo as opiniões contrárias, parece que todos os métodos são 100% eficazes e que estupro é algo que não acontece. Acho o aborto mais digno do que uma mãe ter um filho sem vontade e sem amor.",0,0.382269412279129,0.6177306175231934,1.0,Random
CHEGA! #AbortoNAO,#AbortoNao   𝔼𝕄  ℝ𝔼𝕊ℙ𝔼𝕀𝕋𝕆  𝔸  𝕍𝕀𝔻𝔸,0,0.9899134635925292,0.010086472146213,0.0,Random
#abortoSIM e se vc discorda pode me dar unfollow boa noite,As crianças são o maior bem de qualquer nação #AbortoNao,0,0.0776048228144645,0.9223952293395996,1.0,Random
Mas colocar uma criança no mundo pra sofrer também é covardia. #AbortoSIM,Que tal deixar a criança decidir se ela quer viver?#AbortoNao,1,0.0947307273745536,0.9052692651748656,1.0,Random
''A nação que aprova o aborto é inimiga de Deus.''  (São João Paulo II) #AbortoNao,Usar religião como argumento pra ser contra o aborto é a uma das coisas mais baixas e nojentas que eu vejo na Internet  #AbortoSim,0,0.0822096765041351,0.9177902936935424,1.0,Random
Mulher é estrupada a sociedade “tb olha a roupa dela” Mulher solteira engravida sociedade “tb abriu as pernas” Mulher aborta “assassina”  FAZEMOS O Q BEM ENTENDER C NSS CORPOS E N VAI SER 18 HOMEM Q VAO ESCOLHER SE É CRIME OU NÃO  #AbortoNao é #AbortoSim,Cada um com as suas escolhas #AbortoSim,0,0.762930154800415,0.2370698153972625,0.0,Random
As pessoas que são pró morte dizem - Tem que matar pq.. é menos um pobre Como se a maioria daqui tbm não fosse e estão vivinhos enchendo o saco Dizem Não vai sentir dor se viver pobre vai sofrer + Vocês se mantam quando sentem dor somente pra sofrer menos? Hipócritas #AbortoNAO,"#AbortoNao Para casos extremos como gravidez por estupro ainda resta a oportunidade de se dar a criança para adoção, não é pq ela é vinda de um ato desgraçado que não pode se tornar uma pessoa virtuosa. Não é justo matar um inocente, pq fazer duas vítimas de crimes horrendos?",0,0.2611271739006042,0.7388728260993958,0.0,Random
"Juridicamente estamos sem saída. Game Over. O Estado pode violar os direitos fundamentais, é o que decidiu o STF nessa tarde.","Pra que existe essa porra de constituição,  se ninguém a respeita, ou melhor o único que respeita é o Presidente!!! #AbortoNao",2,0.833649754524231,0.1663502752780914,0.0,Random
"#AbortoSim porque quem tem dinheiro vai abortar de todo jeito, enquanto quem não tem pode morrer tentando.  ABORTO É QUESTÃO DE SAÚDE PÚBLICA",EU AMO ESSES TWEETS! CONTINUEM GALERA! O QUÊ VCS FAZEM É EXTREMAMENTE NECESSÁRIO.,2,0.7795820236206055,0.2204180210828781,0.0,Random
"Votamos no Bolsonaro, mas quem dá as ordens no país é o STF. O STF decidiu que quem irá liberar ou não a volta do povo ao trabalho será o Estado ou município.  Cadê o cabo e o soldado.?",STF lixo.  Só trás insegurança jurídica para o país.  #AbortoNao,2,0.9836251139640808,0.0163748133927583,0.0,Random
#AbortoNao Quem apoia o aborto já nasceu!,"aborto não é questão moral, mas questão de saúde pública, se voce é não a legalização do aborto saiba que você está sendo conivente com a morte de milhares de mulheres.  #AbortoSim #AbortoSim",0,0.0518678314983844,0.9481321573257446,1.0,Random
"#AbortoSim Eu lembro quando eu engravidei, foi tudo muito desesperador..pensei em abortar? Sim, pensei várias vezes! Até tomar a MINHA DECISÃO de criar minha filha. Gente, por favor não somos ninguém e não podemos julgar nada! Hoje sou muito feliz cm ela(+)",#AbortoNao Vai usar camisinha putedo,0,0.1849100142717361,0.815090000629425,1.0,Random
tanto tempo q nao entro no tico e teco #Riverdale #BBBAEliminação #BocaRosaBeauty #AbortoSim Mc Davi Annita Lula e Rihanna Camila Cabello,Quem coloca #AbortoSim deve dar graças a Deus que a mães deles aderem ao #AbortoNao...  Comecem a honrar a decisão de suas mães...,0,0.892048180103302,0.107951782643795,0.0,Random
Vamos falar a verdade. Todas que abortaram e todos que incentivaram cometeram ASSASSINATO. E agora querem que seja permitido em lei.....  ahhh bandidos! Não passarão #AbortoNao,PSOL é  a favor desta abominação?  A Vida é o Bem Maior #AbortoNao,0,0.9324283003807068,0.0675716623663902,0.0,Random
"Em meio à pandemia e palavras de todos em preocupação com as vidas, o STF resolve deliberar sobre aborto. Os humanistas que se alimentam de fetos já lambem os lábios.  #AbortoNao",Esses bairristas são sórdidos #AbortoNao,1,0.9856114387512208,0.0143885351717472,0.0,Random
"Aborto é assassinato, é matar um ser humano que não tem culpa de nada. Ele merece viver. #AbortoNao","“A mulher que aborta é uma de nós. Ela é a sua irmã, ela é a sua vizinha, ela é a sua filha ou a sua mãe”, define Débora Diniz. A classe social não interfere na decisão. “Pobres e ricas, todas abortam”, afirma a professora.   #AbortoSim",0,0.0799463242292404,0.9200537204742432,1.0,Random
"As feministas que são a favor do aborto achariam legal um casal querer abortar pelo simples motivo do feto não ser um menino, sonho deles, mas veio uma menina. Seria certo assassinar essa menina por era ser menina, em nome da liberdade absoluta da mulher...?","Claro que não seria certo. Temos métodos contraceptivos aos montes. Elas deveriam colocar a língua ""dentro da boca"" para na próxima encarnação não sofrerem do que defendem.",1,0.1418760567903518,0.8581239581108093,0.0,Random
Vamos subir #AbortoNao .  STF quer aprovar medida em plena pandemia.,Parem de gracinha seus comedores de lagosta às custas do dinheiro alheio. Nem tentem aprovar essa aberração. Estamos ligados.  #AbortoNAO,1,0.982992708683014,0.0170073471963405,0.0,Random
"E sim, é um feto e não um bebê. Um feto não tem seu cérebro desenvolvido, nem o sistema nervoso centra nem nada que possa fazer com que ele sinta dor. A partir do monte em que ele possa sentir dor e tem um cérebro não se faz um aborto #AbortoSIM",Antes de tirar seu filho do seu ventre você deve passar por psicólogos para conversar com eles e ver se isso realmente é algo que você queira fazer ou apenas está nervosa e com medo #AbortoSIM,1,0.1217578798532486,0.8782421350479126,0.0,Random
#AbortoNao só tem homem idiota querendo mandar no que a mulher deve ou não fazer skskskksksksks as vezes queria suicidar minha memória para não relembrar isso,"Se não quer engravidar é só utilizar alguns dos vários métodos anti-concepcionais existentes, é uma covardia fazer isso com um inocente,mas se mesmo assim ainda quiser abortar eu espero que a mulher também morra lentamente na hora do aborto. #AbortoNao",1,0.4886759221553802,0.5113241076469421,1.0,Incerta
Fora aborto #AbortoNao,#AbortoSim Sem vagina  Sem opinião,0,0.4355151951313019,0.5644847750663757,1.0,Incerta
"Que decepcionante acordar e ver a tag #AbortoNao. Primeiro que o corpo é da mulher e ela tem sim, DIREITO e mesmo que fosse um homem ele também teria. Nem todos tem condição de cuidar de um filho. E fala sério, o feto NÃO SENTE NADA. Já foi comprovado isso.",Então volta no tempo e pede para te abortar!,2,0.5870875716209412,0.4129123985767364,1.0,Incerta
"""Fica em casa, nada é mais importante que a Vida, não pera vamos aproveitar e mudar a lei do aborto."" Não você não está ficando louco esse é o STF que agora legisla e dita a vida no Brasil! E a esquerda xingando o Bolsonaro de ditador! #AbortoNao",Pela vida.#AbortoNao,2,0.5975243449211121,0.4024756252765655,0.0,Incerta
"homem não tem que opinar na nossa decisão, vocês não dão a luz e muito menos passam 9 meses carregando na barriga, tem muita criança na rua passando fome e frio, porquê vocês não vão ajudar quem realmente tá precisando e param de opinar na decisão da mulher. #AbortoSim #AbortoNao",Se homem engravidasse o aborto seria permitido. #AbortoSim,0,0.5176489353179932,0.4823510348796844,0.0,Incerta
"Não se pode relativizar o valor da vida em decorrência da idade. Isso vale para o cálculo utilitarista que entende que a morte de idosos, na pandemia, é algo natural, mas também para os que aproveitam o momento de crise para pautar a legalização da morte de fetos. #AbortoNao",Educação sexual para decidir. Contraceptivos para não abortar. Aborto legal e gratuito para não morrer!  #AbortoSim #NenhumaAmenos,0,0.4765659868717193,0.523434042930603,1.0,Incerta
Ai gente temos sempre que reforçar #AbortoSim,#AbortoNao  ABORTO SIM,0,0.4570923447608948,0.5429076552391052,0.0,Incerta
Sou contrário ao aborto...#AbortoNao,"#AbortoNao O aborto tem q ser permitido, pra evitar q crianças cresçam em ambientes onde não são amadas, vivem passando necessidades e acabam sofrendo grandes traumas!  #AbortoSim",0,0.4463700652122497,0.5536298751831055,1.0,Incerta
"Por que a extrema-imprensa esconde do público o julgamento marcado pelo STF sobre aborto? É cúmplice na estratégia de esconder a importantíssimo decisão, utilizando o caos gerado pela quarentena?  Querem aprovar o aborto na surdina?  #AbortoNao",pfvr aprovem mesmo,2,0.472841739654541,0.527158260345459,1.0,Incerta
"Mulher tem o direito de tudo mesmo, mas não é por isso que temos que tirar uma vida ! #AbortoNao",#AbortoNao Temos que salvar vidas nao só no corona mas a vida que está pra chegar também.,0,0.4265552759170532,0.5734447240829468,0.0,Incerta
As mesmas pessoas que defendem #AbortoNao são aquelas que são contra educação sexual nas escolas levando(as crianças e adolescentes) a ter DST e gravidez na adolescência resultando no aborto do feto  A hipocrisia e a ignorância desse povo é de cair o c# da bunda,"As pessoas tentam colocar a culpa do sexo desregrado na falta de educação sexual, como se nenhum adolescente não soubesse que sexo dá prazer e que isso engravida.  O sexo desregrado é fruto de uma má formação familiar. A justificativa de falta de educação só é aceitável +",2,0.4625144004821777,0.5374855399131775,1.0,Incerta
#AbortoNao.  Sim à vida,Vemos o grau de degradação moral quando algo óbvio como a preservação da vida é colocada em pauta para discussão. Que Deus tenha misericórdia de nós.. #AbortoNao #AbortoSim,0,0.507427453994751,0.4925725758075714,0.0,Incerta
Esquerda sempre apoiando genocídio  #AbortoNao,"Aborto sim, porque ninguém tem o direito de ditar regras sobre o nosso corpo. Até porque a maioria não é pró vida e sim pró nascimento, depois a mãe e o bebê que se dane. Aborto sempre vai existir, o que queremos é o direito de termos um aborto seguro. #AbortoSim",0,0.5796875953674316,0.4203123450279236,1.0,Incerta
MANO FODASSE Q É ASSASSINATO QUANTO MENOS CRIANÇA NESSA PORRA MELHOR TEM Q ABORTAR MESMO #AbortoSim VTNC NA MORAL ODEIO CRIANÇA CHORANDO EM FILA,"De abortista eu só gosto da distância . Não tem diálogo com quem concorda com a ideia de matar um ser inocente, independente do motivo que seja! #AbortoNAO",0,0.5615177750587463,0.4384822845458984,1.0,Incerta
A esquerda irresponsável é contra a vida! #AbortoNao,"Essa mania do brasileiro de ir  acostumando-se com tudo que lhe é imposto, está trazendo cada vez mais o socialismo para o país. A última que estão tentando empurrar goela abaixo é aprovação do aborto.  #AbortoNao",0,0.4251489341259002,0.5748510360717773,0.0,Incerta
"#AbortoNunca ninguém é obrigado a seguir o seu código moral. Legalizar o aborto bão significa todo mundo abortar, significa menos mulheres mortas. #AbortoSim","#AbortoNAO STF serve pra soltar vagabundos, defender corruptos, proibir o cidadão à legítima defesa e permitir matar bebês indefesos! Cumpre bem a agenda  socialista e globalista! Objetivo de destruir nossa sociedade!",0,0.5513389110565186,0.448661059141159,1.0,Incerta
"Varios métodos de evitar uma gravidez indesejada, mais as imbecializadas preferem matar. #AbortoNao",eu vou olhar os replys contrários a #AbortoNao e pelo menos 40% é fancam de kpop tentando lacrar,0,0.4279361665248871,0.5720638632774353,0.0,Incerta
"Rapaz e um povo sem noção mesmo.  Pedido a morte de criança, mas incapaz de defender a cura do Corona vírus através da medicação. Hipocrisia. Vcs são um lixo #AbortoSim #AbortoNAO",#AbortoNao STF aproveitando o momento.,0,0.5880224108695984,0.411977618932724,0.0,Incerta
"#AbortoSim KKKKKK so pq eu apoio o aborto n significa q eu qro abortar seus mentes fechadas do caralho, so quero q a mulher q queira abortar tenha direito e segurança ao fzr isso, se chama sororidade e empatia, coisas q a maioria do povo brasileiro não tem",Errado não tá..  #AbortoSim #AbortoNao,0,0.5857487916946411,0.4142512381076813,0.0,Incerta
eu tô rindo tanto com esses bagulho kkkkkkkkkkkkk vsf  #AbortoNAO,#AbortoNao  SIM A VIDA E NÃO AO ABORTO!!,0,0.4031401872634887,0.5968598127365112,-1.0,Incerta
"Temos uma suprema corte assassina, no meio de uma pandemia onde aspirantes a  ditadores  falam em preservar vidas, aí vem uns parasitas do STF querer meter o aborto guela abaixo dos cidadãos de bem. Vão a merda STF.  #AbortoNao",Eu não a favor e não faria #AbortoNao porém existem o livre abitrio e nesse caso sou a favor da legalização #Abortosim,0,0.5401347875595093,0.4598651528358459,1.0,Incerta
"Todo mundo que apoiava a escravidão era livre, todo mundo que apoia o aborto já nasceu.   Falam em ""aborto seguro"". Pergunto, para quem? Afinal, o bebê sempre morre. #AbortoNao","Mas é claro q é pra mata o feto, se fosse pra deixar vivo a mulher n ia aborta",2,0.5063021779060364,0.4936978220939636,1.0,Incerta
#AbortoNao Diga não!!!,"Mano, tava vendo essa hashtag #AbortoNao e ela é tão ridícula quanto absurda.   #AbortoSim  #AbortoSim  #AbortoSim",0,0.5421684384346008,0.4578315317630768,1.0,Incerta
"Nenhuma sociedade civilizada permite que um ser humano intencionalmente prejudique ou tire a vida de outro sem punição. O aborto não é uma forma de contracepção, mas assassinato. Quem defende essa monstruosidade está fazendo apologia e deve responder criminalmente. #AbortoNao!",Não poderia concordar mais. É assassinato de bebês. #AbortoNao,1,0.5803515315055847,0.4196484684944153,0.0,Incerta
"#AbortoSim  Mas quanta pretensão  Vocês nem sabem se vão sobreviver ao COVID-19, quiçá engravidar pra depois abortar  Faz-me rires baldes",Na hora de sentir o leitão quente na barriga é bom né ? Assassina #AbortoSim,0,0.5027453303337097,0.4972546696662903,0.0,Incerta
GLOBOBELEZA PREFERIU COLOCAR PILHA NA FESTINHA DE M...BOTAR O PAÍS EM RISCO P/ EMBOLSAR GRANA DA PUBLICIDADE DA CERVEJARIA AMBEV  #FicaEmCasaMandetta #coronavirus  #Covid_19  #AbortoNao  #ForaMandetta #PrimeiroDeus    #STFVergonhaNacional,"Mano, q q  tu tem a ver com o filho da mulher? Cuida do seu próprio útero #AbortoSim",0,0.5075871348381042,0.4924128949642181,0.0,Incerta
"Defender o #AbortoNao você não salva ninguém. Entenda que o aborto já existe e se a mulher quiser fazer ela o fará, o que elas querem é apenas a legalização de algo que mata várias todos os dias.  Estão atrasando algo que um dia será legalizado, e vocês sabem disso... #AbortoSim","""Tu formaste o íntimo do meu ser e me teceste no ventre de minha mãe.""  Respeite a vida!   #AbortoNao",0,0.5433440804481506,0.4566559195518493,1.0,Incerta
“DEIXE-ME VIVER”  TODAS AS VIDAS IMPORTA / ALL LIFE MATTERS (no to abortion)  #AbortoNao,"#AbortoNao e agora, se morre o vírus é letal,  se ficarem vivos o vírus é só uma gripizinha,  se tomarem a hidroxicloroquina, Bolsonaro tem razão.",0,0.5270603895187378,0.4729395508766174,0.0,Incerta
Se não quiser é só não abortar simples #AbortoSim,"só lembrar que ninguém é a favor do ATO do aborto, mas sim da LEGALIZAÇÃO dele. muitas mulheres em situação de vulnerabilidade social morrem em clínicas clandestinas e é isso que a legalização visa evitar #AbortoSim",0,0.5437886118888855,0.4562113583087921,0.0,Incerta
Governador de São Paulo utiliza decreto de calamidade pública para dispensar licitação de RADARES no estado de São Paulo! É inaceitável que  utilize essa crise para alimentar a indústria da multa em nosso estado.   É uma vergonha para São Paulo! #ForaDoria,. Dória é um traíra almofadinha e mau caráter. O bom dessa crise é que abriu os olhos do povo. #ForaDoria. #AbortoNao #AbortoNunca.,2,0.5183255672454834,0.4816744327545166,0.0,Incerta
Todos que são a favor do aborto já nasceram. Não mate uma uma pessoinha indefesa. #AbortoNao,#AbortoSim   Brasil proíbe: agora está tudo resolvido  Clínicas clandestinas:,0,0.4260986745357513,0.5739012360572815,-1.0,Incerta
"a descriminalização do aborto é pra que ele seja feito de forma segura, vc sendo a favor ou nao ele vai continuar sendo feito, caralho  #AbortoSIM",As tags #AbortoSim e #AbortoNao viralizaram no Twitter  O que vcs acham,0,0.4152145087718963,0.5847854614257812,0.0,Incerta
"aborto NÃO é uma questão religiosa e moral, é dar as mulheres direito sobre seu corpo e sua vida, é defender mulheres negras e pobres de abortos clandestinos pq eles acontecem e muito, é uma questão de SAÚDE PÚBLICA. NOSSOS ÚTEROS SÃO LAICOS. #AbortoSim",Um crime contra a VIDA. #AbortoNao,0,0.4512636661529541,0.5487363338470459,1.0,Incerta
Sejam felizes com TODAS as escolhas que vcs tiverem #AbortoSim,#AbortoSim Aborto seguro para as mulheres. Aborto não é nenhuma outra questão senão unicamente saúde pública.,0,0.4788951873779297,0.5211047530174255,0.0,Incerta
#AbortoNao  Aborto não,Aqueles lixo que sai matando estudantes nas escolas deveriam fazer isso em clinica de aborto! Belo e moral. Só poupar as faxineiras e tal. #AbortoNao,0,0.5197550058364868,0.4802449345588684,0.0,Incerta
uma bacteria fossilizada em um cubo de silício em marte é vida mas um embrião ligado as funções vitais do corpo de uma mulher não? #AbortoNAO,"A mesma turminha do "" mais amor, por favor"" "" Fique em casa, preserve a vida"" é a mesma que vem defendendo o aborto aqui no Twitter . #AbortoNao",0,0.4767107963562011,0.5232892036437988,0.0,Incerta
"Momento desapropriado com desculpas previsíveis para o stf decidir sobre o aborto, mas segue nossa opinião! #AbortoNao #AbortoNunca",#AbortoNao nessas horas que dá vergonha de ser homem... só homem falando merda nessa tag,0,0.5848480463027954,0.415151983499527,1.0,Incerta
"#AbortoNao Engraçado que vocês só se importam com as crianças, enquanto estão na barriga. Depois fingem que elas não existem, apóiam trabalho infantil, chamam de vagabundos, e se entram no mundo do crime por causa da vida merda que teve, querem a morte deles. #AbortoSim por elas.","Aborto envolve muito mais coisas...fora que só a mulher tem direito de opinar, ""aí não usou camisinha"" GENTE TODOS OS MÉTODOS NAO SÃO 100% EFICAZ ENTÃO NEEEE, além deq uma coisa que precisa parar urgente é envolver religião c questão social. Aborto iria sim melhorar muitas coisas",2,0.4228184819221496,0.5771815776824951,0.0,Incerta
#AbortoNao é decisão de ninguém além da mulher que está considerando.,#AbortoSim #AbortoNao  É gente eu só sou a favor a legalização do aborto em casos bem específicos e complexos como por exemplo A mulher está gravida e não quer ter o filho,0,0.4997695684432983,0.5002304315567017,0.0,Incerta
Não há nenhuma mãe ou pai de filho com zika tuitando #AbortoNao. Fim.,"#AbortoNao #AbortoSim  Gente de vdd, bora cada um cuidar da própria vida e parar de encher o saco ? Tipo de vdd mesmo, n quer ter filho usa camisinha é os mercados contraceptivos, n são 100% mas a probabilidade de erro é quase 1% então tipo, Ceis tem que ser muito fudido  pqp",0,0.4949319064617157,0.5050680637359619,1.0,Incerta
Aborto não é método contraceptivo!antes de escolher seu macho escroto se proteja #AbortoNAO,"Respeito sua opinião, mas acho uma opinião burra",2,0.4837467074394226,0.5162532329559326,1.0,Incerta
"Bem interessante ver o pessoal a favor do isolamento social para salvar vidas, ser a favor do aborto. #AbortoNao",Já terminou de tweetar #AbortoNao homem branco favorável ao porte de armas?,0,0.406236469745636,0.593763530254364,1.0,Incerta
"Acho que devemos pensar nos dois lados da moeda , porque talvez você não queira , mais talvez o pai quer  ou pode ser totalmente ao contrário , não vamos generalizar gente , acho que cada um tem que ter sua opinião depende de qual seja ela , briga por isso é ruim pra vc#AbortoNao","o corpo,a vida é da criança nao é direito da mãe decidir isso ok?#AbortoNao",0,0.4285231232643127,0.5714768767356873,1.0,Incerta
