tweet_1,tweet_2,Class,P(NoConflict),P(Conflict),Tipo,Conflict
"Doria disse que SP não vai seguir o protocolo do ministério da saúde para receitar cloroquina no inicio dos sintomas de covid-19. O sujeito agora além de ditador, também é um genocida.","Tem que dar papo para as provocações do Doria, ele tem outros interesses diferente da população o foco é o usuário do Sistema  se quer tomar a cloroquina ou não se o médico prescreve ou não dependendo do caso.",1,0.4286496341228485,0.5713503360748291,Incerta,
"""Bolsonaristas criam 'corrente do bem' e se medicam com cloroquina, azitromicina e antipulgas"".  Antipulgas. Antipulgas. ANTIPULGAS.",Antipulgas... pessoal precavido e consciente de si mesmo... kkkk,2,0.5773033499717712,0.4226966500282287,Incerta,
Adivinha quem tá com o rab0 cheio de cachaça já na hora do almoço?  Quem é de direita acredita na cloroquina e quem é de esquerda na jararaca cretina.,Encheu o CÚ de cachaça e falou merda!!,2,0.5439039468765259,0.4560960233211517,Incerta,
...,"gente sério toma no cu né? ele é uma criança e não sabe o que é cloroquina, não sabe o quão pesado é o que ele ta falando, a merda dos pais ridicularizam a imagem do próprio filho com essa porra VEM AÍ MAIS UMA CRIANÇA PRA GENTE SALVA",2,0.4509358704090118,0.5490641593933105,Incerta,
"Esquerda grita: ""Cloroquina NÃO; tem que levar em consideração a ciência""  Ciência diz: HOMEM = XY MULHER = XX  Esquerda: ""Não é a ciência que define quem é homem ou mulher""  Difícil hein kkkk","Enquanto o presidente receita medicamento em exercício ilegal da profissão, uma microbiologista destrói defesa da cloroquina. Infelizmente não achei o nome dela. Segue o link do vídeo completo:",0,0.5892969369888306,0.4107030630111694,Incerta,
Adivinha quem tá com o rab0 cheio de cachaça já na hora do almoço?  Quem é de direita acredita na cloroquina e quem é de esquerda na jararaca cretina.,"""quem é da direita acredita na cloroquina"", ata",1,0.5898579955101013,0.4101419448852539,Incerta,
"Bolsonaro quer aplicar Cloroquina a qualquer custo. Porém, o paciente precisará assinar um termo de ciência que NÃO existem dados sobre a eficiência para Covid-19 e que está ciente que pode sofrer uma parada cardíaca. Você vira cobaia do Presidente e o isenta de responsabilidade.","Muita gente precisa ler o termo de responsabilidade. Lá diz q vc está ciente de que não há indícios de resultado positivo com o uso da cloroquina. Mas eu tô torcendo aqui, viu. VAI, CLOROQUINA!",1,0.1225578710436821,0.8774421215057373,Alta,
"Vi no Jornal da Globo uma descrição dos efeitos colaterais da Cloroquina e da Hidroxocloroquina.  A partira daí,  parece que é melhor dar um tiro na própria cabeça do que usar esses medicamentos. Não sei como o pessoal que usou para combater a malária sobreviveu.",Eu sei por que eles foram curados pelo protocolo Hidroxicloroquina + Azitromicina + Zinco! Eles não assistiam a Globo...,2,0.1933530867099762,0.8066469430923462,Alta,
"- Ainda não existe comprovação científica, mas sendo monitorada e usada no Brasil e no mundo. Contudo, estamos em Guerra: “Pior do que ser derrotado é a vergonha de não ter lutado.”  - Deus abençoe o nosso Brasil.",Algum médico ou instituição médica assinou isso?,2,0.1832902282476425,0.8167097568511963,Alta,
"- Ainda não existe comprovação científica, mas sendo monitorada e usada no Brasil e no mundo. Contudo, estamos em Guerra: “Pior do que ser derrotado é a vergonha de não ter lutado.”  - Deus abençoe o nosso Brasil.",pq ele escreve como se tivesse num dialogo,2,0.193725511431694,0.8062744736671448,Alta,
"Rsrsrsrs mas isso NÃO deve acontecer, cheguei na emergência...... toma cloroquina ... Pois só é administrada com a ciência do paciente.","Mas é isso q querem,pq a cloroquina NUNCA foi proibida,só não era indicada,basta uma busca d 30 segundos aqui msm q ta os caras falando  q tem q socar cloroquina assim q o cara é internado pra ""evitar agravar""",1,0.1095082536339759,0.890491783618927,Alta,
Antes era: Ministério da Saúde não liberou Cloroquina não pode tomar pq mata  Agora: Ministério da saúde liberou e quer dizimar à população mundial porquê cloroquina é usada há mais de 70 anos e agora que ta matando. Fora bolsonaro,Hj foi divulgado o protocolo pra uso da cloroquina mas olha só como é curioso o presidente recomenda o uso mas elabora uma protocolo em que tira toda a responsabilidade do estado pelo uso se é tão bom assim porque precisa de autorização  da familia pra usar?,0,0.8896570205688477,0.1103429719805717,Random,
"CHEGA! Caralho! O presidente zoando a pandemia, a Secon bloqueando cidadão, a militância descendo a mão na imprensa e o governo dando cloroquina como se fosse vacina! E o Congresso? E o STF? O que falta ainda? #CHEGA",o STF e o Congresso? faltam fechar,2,0.9922009110450744,0.0077991560101509,Random,
"É uma decisão monstruosa do incapaz Bolsonaro, que quer desovar a grande quantidade de cloratina!! ://g1.globo.com/bemestar/coronavirus/noticia/2020/05/20/secretaria-cita-clamor-da-populacao-e-necessidade-de-resposta-para-justificar-liberacao-da-cloroquina-em-casos-leves.ghtml","João Doria criticou a cloroquina no protocolo do Ministério da Saúde: “a ciência não recomenda”. Mas o médico David Uip, de sua equipe, curou-se usando o remédio, que faz parte do protocolo do seu governo",0,0.986634373664856,0.0133656961843371,Random,
Prestem atenção,Olha os efeitos colaterais - NÃO É DA CLOROQUINA,2,0.5647881031036377,0.4352118968963623,Incerta,
Estudos comprovam que se você tomar Cloroquina pelo rabo é mais eficaz.,"Na campanha dizia não entender de vários assuntos e quem iria cuidar deles eram seus ministros, maioria já saiu fora e agora Mandetta diz que o Bozo quis alterar a bula da Cloroquina, imagina a grana que ele deve tá embolsando com essa merda",0,0.5882330536842346,0.4117669463157654,Incerta,
"Eu tenho insuficiencia renal e ja fiz ablaçao, se eu tomar cloroquina morro em 10 minutos,meu medo é virar protocolo,entrar pela emergencia quase desacordado e colocarem isso em mim.","Se vc chegar nesse estado a cloroquina não é indicada e não ""funcionaria"". Portanto fique sossegado. Não vão dar cloroquina sem consentimento do paciente e para pessoas com contra indicação.",1,0.5323458909988403,0.4676541090011596,Incerta,
"- Ainda não existe comprovação científica, mas sendo monitorada e usada no Brasil e no mundo. Contudo, estamos em Guerra: “Pior do que ser derrotado é a vergonha de não ter lutado.”  - Deus abençoe o nosso Brasil.",Ele assumiu q não tem estudo ! Mais a quem diga q tem !!!,2,0.4552287757396698,0.5447711944580078,Incerta,
"USO DE CLOROQUINA AMPLIADA NO BRASIL  Ministério da Saúde amplia a possibilidade de uso do medicamento para casos leves de coronavírus. Não há, porém, evidência científica de que a droga tenha eficácia no tratamento. Siga o fio e veja o que muda    Gerard Julien/AFP","A notícia tá errada  Deveria ser :  Presidente acredita no senso comum, autoriza substância cientificamente comprovada ineficaz contra COVID-19 e coloca em risco a saúde da população, com piadas e irresponsabilidade.",2,0.4108451306819916,0.589154839515686,Incerta,
